<?xml version="1.0" encoding="UTF-8"?>
<project-private xmlns="http://www.netbeans.org/ns/project-private/1">
    <editor-bookmarks xmlns="http://www.netbeans.org/ns/editor-bookmarks/2" lastBookmarkId="0"/>
    <open-files xmlns="http://www.netbeans.org/ns/projectui-open-files/2">
        <group>
            <file>file:/C:/Users/HP/Documents/NetBeansProjects/CajeroProtech.V/src/ventanas/Abonar.java</file>
            <file>file:/C:/Users/HP/Documents/NetBeansProjects/CajeroProtech.V/src/ventanas/Login.java</file>
            <file>file:/C:/Users/HP/Documents/NetBeansProjects/CajeroProtech.V/src/ventanas/Depositar.java</file>
            <file>file:/C:/Users/HP/Documents/NetBeansProjects/CajeroProtech.V/src/ventanas/Retirar.java</file>
            <file>file:/C:/Users/HP/Documents/NetBeansProjects/CajeroProtech.V/src/ventanas/Registro.java</file>
            <file>file:/C:/Users/HP/Documents/NetBeansProjects/CajeroProtech.V/src/manejoarchivos/Banco.java</file>
            <file>file:/C:/Users/HP/Documents/NetBeansProjects/CajeroProtech.V/clientes.txt</file>
            <file>file:/C:/Users/HP/Documents/NetBeansProjects/CajeroProtech.V/src/manejoarchivos/Cliente.java</file>
        </group>
    </open-files>
</project-private>
